class_id,person,safe_label,support,predicted,true_positive,false_positive,false_negative,accuracy,precision,recall,f1,mean_true_score
0,Aaron Eckhart,Aaron_Eckhart,10,10,9,1,1,0.900000,0.900000,0.900000,0.900000,0.806927
1,Abhishek Bachan,Abhishek_Bachan,4,2,2,0,2,0.500000,1.000000,0.500000,0.666667,0.689247
2,Adam Sandler,Adam_Sandler,11,12,10,2,1,0.909091,0.833333,0.909091,0.869565,0.869366
3,Adriana Lima,Adriana_Lima,7,6,5,1,2,0.714286,0.833333,0.714286,0.769231,0.722466
4,Alberto Gonzales,Alberto_Gonzales,13,13,13,0,0,1.000000,1.000000,1.000000,1.000000,0.888830
5,Alec Baldwin,Alec_Baldwin,12,11,10,1,2,0.833333,0.909091,0.833333,0.869565,0.784381
6,Alex Rodriguez,Alex_Rodriguez,7,18,6,12,1,0.857143,0.333333,0.857143,0.480000,0.645999
7,Ali Landry,Ali_Landry,4,6,4,2,0,1.000000,0.666667,1.000000,0.800000,0.719769
8,Alicia Keys,Alicia_Keys,15,15,14,1,1,0.933333,0.933333,0.933333,0.933333,0.875773
9,Alyssa Milano,Alyssa_Milano,13,13,9,4,4,0.692308,0.692308,0.692308,0.692308,0.675168
10,Anderson Cooper,Anderson_Cooper,14,14,14,0,0,1.000000,1.000000,1.000000,1.000000,0.910631
11,Angela Merkel,Angela_Merkel,15,16,15,1,0,1.000000,0.937500,1.000000,0.967742,0.939810
12,Angelina Jolie,Angelina_Jolie,88,94,84,10,4,0.954545,0.893617,0.954545,0.923077,0.873852
13,Anna Kournikova,Anna_Kournikova,13,12,11,1,2,0.846154,0.916667,0.846154,0.880000,0.767857
14,Anna Paquin,Anna_Paquin,4,3,2,1,2,0.500000,0.666667,0.500000,0.571429,0.571800
15,Antonio Banderas,Antonio_Banderas,10,9,8,1,2,0.800000,0.888889,0.800000,0.842105,0.693885
16,Ashley Judd,Ashley_Judd,10,12,9,3,1,0.900000,0.750000,0.900000,0.818182,0.786195
17,Ashton Kutcher,Ashton_Kutcher,14,15,14,1,0,1.000000,0.933333,1.000000,0.965517,0.886684
18,Audrey Tautou,Audrey_Tautou,8,9,8,1,0,1.000000,0.888889,1.000000,0.941176,0.797051
19,Avril Lavigne,Avril_Lavigne,15,14,13,1,2,0.866667,0.928571,0.866667,0.896552,0.799169
20,Barack Obama,Barack_Obama,17,20,16,4,1,0.941176,0.800000,0.941176,0.864865,0.875869
21,Ben Affleck,Ben_Affleck,13,11,9,2,4,0.692308,0.818182,0.692308,0.750000,0.663667
22,Ben Stiller,Ben_Stiller,6,5,5,0,1,0.833333,1.000000,0.833333,0.909091,0.737589
23,Beyonce Knowles,Beyonce_Knowles,11,11,10,1,1,0.909091,0.909091,0.909091,0.909091,0.725352
24,Bill Clinton,Bill_Clinton,11,11,10,1,1,0.909091,0.909091,0.909091,0.909091,0.789860
25,Billy Crystal,Billy_Crystal,4,2,2,0,2,0.500000,1.000000,0.500000,0.666667,0.529327
26,Bob Dole,Bob_Dole,3,2,2,0,1,0.666667,1.000000,0.666667,0.800000,0.595675
27,Brad Pitt,Brad_Pitt,82,97,77,20,5,0.939024,0.793814,0.939024,0.860335,0.860772
28,Brendan Fraser,Brendan_Fraser,7,4,4,0,3,0.571429,1.000000,0.571429,0.727273,0.702579
29,Bruce Willis,Bruce_Willis,9,10,8,2,1,0.888889,0.800000,0.888889,0.842105,0.723925
30,Cameron Diaz,Cameron_Diaz,14,13,13,0,1,0.928571,1.000000,0.928571,0.962963,0.767776
31,Carla Gugino,Carla_Gugino,5,6,4,2,1,0.800000,0.666667,0.800000,0.727273,0.497342
32,Carson Daly,Carson_Daly,2,1,1,0,1,0.500000,1.000000,0.500000,0.666667,0.540012
33,Cate Blanchett,Cate_Blanchett,15,14,13,1,2,0.866667,0.928571,0.866667,0.896552,0.726759
34,Celine Dion,Celine_Dion,6,4,3,1,3,0.500000,0.750000,0.500000,0.600000,0.685785
35,Charlize Theron,Charlize_Theron,15,15,12,3,3,0.800000,0.800000,0.800000,0.800000,0.769335
36,Chris Martin,Chris_Martin,1,2,1,1,0,1.000000,0.500000,1.000000,0.666667,0.691930
37,Christina Ricci,Christina_Ricci,14,14,13,1,1,0.928571,0.928571,0.928571,0.928571,0.850440
38,Christopher Walken,Christopher_Walken,4,5,4,1,0,1.000000,0.800000,1.000000,0.888889,0.773664
39,Cindy Crawford,Cindy_Crawford,7,3,2,1,5,0.285714,0.666667,0.285714,0.400000,0.577832
40,Claudia Schiffer,Claudia_Schiffer,5,5,4,1,1,0.800000,0.800000,0.800000,0.800000,0.861430
41,Clive Owen,Clive_Owen,17,15,15,0,2,0.882353,1.000000,0.882353,0.937500,0.790698
42,Colin Farrell,Colin_Farrell,11,8,8,0,3,0.727273,1.000000,0.727273,0.842105,0.706366
43,Colin Powell,Colin_Powell,12,11,10,1,2,0.833333,0.909091,0.833333,0.869565,0.753642
44,Cristiano Ronaldo,Cristiano_Ronaldo,19,18,18,0,1,0.947368,1.000000,0.947368,0.972973,0.858599
45,Daisy Fuentes,Daisy_Fuentes,2,1,1,0,1,0.500000,1.000000,0.500000,0.666667,0.540910
46,Daniel Craig,Daniel_Craig,15,14,14,0,1,0.933333,1.000000,0.933333,0.965517,0.881268
47,Daniel Radcliffe,Daniel_Radcliffe,82,84,79,5,3,0.963415,0.940476,0.963415,0.951807,0.897193
48,Danny Devito,Danny_Devito,4,3,3,0,1,0.750000,1.000000,0.750000,0.857143,0.717966
49,Dave Chappelle,Dave_Chappelle,3,2,2,0,1,0.666667,1.000000,0.666667,0.800000,0.851892
50,David Beckham,David_Beckham,13,12,12,0,1,0.923077,1.000000,0.923077,0.960000,0.762112
51,David Duchovny,David_Duchovny,20,25,16,9,4,0.800000,0.640000,0.800000,0.711111,0.797015
52,Denise Richards,Denise_Richards,10,10,8,2,2,0.800000,0.800000,0.800000,0.800000,0.703057
53,Denzel Washington,Denzel_Washington,9,11,9,2,0,1.000000,0.818182,1.000000,0.900000,0.858590
54,Diane Sawyer,Diane_Sawyer,5,4,4,0,1,0.800000,1.000000,0.800000,0.888889,0.591163
55,Donald Faison,Donald_Faison,3,2,2,0,1,0.666667,1.000000,0.666667,0.800000,0.819970
56,Donald Trump,Donald_Trump,10,10,10,0,0,1.000000,1.000000,1.000000,1.000000,0.901591
57,Drew Barrymore,Drew_Barrymore,14,10,8,2,6,0.571429,0.800000,0.571429,0.666667,0.657628
58,Dustin Hoffman,Dustin_Hoffman,6,5,4,1,2,0.666667,0.800000,0.666667,0.727273,0.626390
59,Edie Falco,Edie_Falco,4,3,3,0,1,0.750000,1.000000,0.750000,0.857143,0.551456
60,Ehud Olmert,Ehud_Olmert,12,12,12,0,0,1.000000,1.000000,1.000000,1.000000,0.920018
61,Eliot Spitzer,Eliot_Spitzer,12,11,11,0,1,0.916667,1.000000,0.916667,0.956522,0.880924
62,Eliza Dushku,Eliza_Dushku,9,9,7,2,2,0.777778,0.777778,0.777778,0.777778,0.755526
63,Eva Mendes,Eva_Mendes,13,13,12,1,1,0.923077,0.923077,0.923077,0.923077,0.819393
64,Faith Hill,Faith_Hill,8,8,8,0,0,1.000000,1.000000,1.000000,1.000000,0.780198
65,Famke Janssen,Famke_Janssen,3,2,2,0,1,0.666667,1.000000,0.666667,0.800000,0.605985
66,Gael Garcia Bernal,Gael_Garcia_Bernal,10,10,10,0,0,1.000000,1.000000,1.000000,1.000000,0.789107
67,Gene Hackman,Gene_Hackman,3,0,0,0,3,0.000000,0.000000,0.000000,0.000000,0.451409
68,George Clooney,George_Clooney,16,15,15,0,1,0.937500,1.000000,0.937500,0.967742,0.802292
69,George W Bush,George_W_Bush,5,7,5,2,0,1.000000,0.714286,1.000000,0.833333,0.832230
70,Gillian Anderson,Gillian_Anderson,6,8,5,3,1,0.833333,0.625000,0.833333,0.714286,0.751094
71,Gisele Bundchen,Gisele_Bundchen,5,4,3,1,2,0.600000,0.750000,0.600000,0.666667,0.742513
72,Gordon Brown,Gordon_Brown,8,8,8,0,0,1.000000,1.000000,1.000000,1.000000,0.842057
73,Gwyneth Paltrow,Gwyneth_Paltrow,16,16,16,0,0,1.000000,1.000000,1.000000,1.000000,0.852539
74,Halle Berry,Halle_Berry,15,17,12,5,3,0.800000,0.705882,0.800000,0.750000,0.787648
75,Harrison Ford,Harrison_Ford,11,11,11,0,0,1.000000,1.000000,1.000000,1.000000,0.858007
76,Holly Hunter,Holly_Hunter,2,2,2,0,0,1.000000,1.000000,1.000000,1.000000,0.439965
77,Hugh Grant,Hugh_Grant,15,16,14,2,1,0.933333,0.875000,0.933333,0.903226,0.745439
78,Hugh Jackman,Hugh_Jackman,13,13,11,2,2,0.846154,0.846154,0.846154,0.846154,0.719710
79,Hugh Laurie,Hugh_Laurie,17,18,16,2,1,0.941176,0.888889,0.941176,0.914286,0.892250
80,Jack Nicholson,Jack_Nicholson,6,5,5,0,1,0.833333,1.000000,0.833333,0.909091,0.729311
81,James Franco,James_Franco,9,8,8,0,1,0.888889,1.000000,0.888889,0.941176,0.721079
82,James Gandolfini,James_Gandolfini,7,8,7,1,0,1.000000,0.875000,1.000000,0.933333,0.870230
83,James Spader,James_Spader,7,6,6,0,1,0.857143,1.000000,0.857143,0.923077,0.600805
84,Jared Leto,Jared_Leto,12,14,10,4,2,0.833333,0.714286,0.833333,0.769231,0.783769
85,Jason Statham,Jason_Statham,6,5,5,0,1,0.833333,1.000000,0.833333,0.909091,0.775098
86,Javier Bardem,Javier_Bardem,6,6,5,1,1,0.833333,0.833333,0.833333,0.833333,0.676228
87,Jay Leno,Jay_Leno,6,6,6,0,0,1.000000,1.000000,1.000000,1.000000,0.750633
88,Jeff Bridges,Jeff_Bridges,4,3,2,1,2,0.500000,0.666667,0.500000,0.571429,0.543277
89,Jennifer Aniston,Jennifer_Aniston,13,12,12,0,1,0.923077,1.000000,0.923077,0.960000,0.842710
90,Jennifer Lopez,Jennifer_Lopez,11,7,7,0,4,0.636364,1.000000,0.636364,0.777778,0.719652
91,Jennifer Love Hewitt,Jennifer_Love_Hewitt,13,14,12,2,1,0.923077,0.857143,0.923077,0.888889,0.795966
92,Jeri Ryan,Jeri_Ryan,6,5,5,0,1,0.833333,1.000000,0.833333,0.909091,0.738925
93,Jerry Seinfeld,Jerry_Seinfeld,6,5,5,0,1,0.833333,1.000000,0.833333,0.909091,0.758601
94,Jessica Alba,Jessica_Alba,13,10,10,0,3,0.769231,1.000000,0.769231,0.869565,0.694896
95,Jessica Simpson,Jessica_Simpson,16,15,12,3,4,0.750000,0.800000,0.750000,0.774194,0.705563
96,Jimmy Carter,Jimmy_Carter,9,10,9,1,0,1.000000,0.900000,1.000000,0.947368,0.859914
97,Joaquin Phoenix,Joaquin_Phoenix,10,13,10,3,0,1.000000,0.769231,1.000000,0.869565,0.794107
98,Jodie Foster,Jodie_Foster,12,8,8,0,4,0.666667,1.000000,0.666667,0.800000,0.699525
99,John Lennon,John_Lennon,7,8,6,2,1,0.857143,0.750000,0.857143,0.800000,0.724272
100,John Malkovich,John_Malkovich,5,7,4,3,1,0.800000,0.571429,0.800000,0.666667,0.734484
101,John Travolta,John_Travolta,14,10,10,0,4,0.714286,1.000000,0.714286,0.833333,0.691335
102,Jon Stewart,Jon_Stewart,8,7,7,0,1,0.875000,1.000000,0.875000,0.933333,0.720836
103,Julia Roberts,Julia_Roberts,18,22,18,4,0,1.000000,0.818182,1.000000,0.900000,0.857535
104,Julia Stiles,Julia_Stiles,7,5,4,1,3,0.571429,0.800000,0.571429,0.666667,0.643817
105,Karl Rove,Karl_Rove,12,10,10,0,2,0.833333,1.000000,0.833333,0.909091,0.832816
106,Kate Moss,Kate_Moss,13,13,10,3,3,0.769231,0.769231,0.769231,0.769231,0.723311
107,Kate Winslet,Kate_Winslet,13,12,11,1,2,0.846154,0.916667,0.846154,0.880000,0.783685
108,Katherine Heigl,Katherine_Heigl,20,19,16,3,4,0.800000,0.842105,0.800000,0.820513,0.807477
109,Katie Couric,Katie_Couric,10,11,10,1,0,1.000000,0.909091,1.000000,0.952381,0.857207
110,Keanu Reeves,Keanu_Reeves,12,10,10,0,2,0.833333,1.000000,0.833333,0.909091,0.770021
111,Keira Knightley,Keira_Knightley,18,19,17,2,1,0.944444,0.894737,0.944444,0.918919,0.847808
112,Kevin Bacon,Kevin_Bacon,8,7,6,1,2,0.750000,0.857143,0.750000,0.800000,0.619628
113,Kiefer Sutherland,Kiefer_Sutherland,15,18,15,3,0,1.000000,0.833333,1.000000,0.909091,0.858902
114,Kim Basinger,Kim_Basinger,5,3,2,1,3,0.400000,0.666667,0.400000,0.500000,0.713081
115,Lance Armstrong,Lance_Armstrong,7,6,6,0,1,0.857143,1.000000,0.857143,0.923077,0.734674
116,Leonardo DiCaprio,Leonardo_DiCaprio,40,41,39,2,1,0.975000,0.951220,0.975000,0.962963,0.904330
117,Liam Neeson,Liam_Neeson,7,8,6,2,1,0.857143,0.750000,0.857143,0.800000,0.624205
118,Lindsay Lohan,Lindsay_Lohan,84,100,78,22,6,0.928571,0.780000,0.928571,0.847826,0.873890
119,Liv Tyler,Liv_Tyler,8,9,8,1,0,1.000000,0.888889,1.000000,0.941176,0.830481
120,Lucy Liu,Lucy_Liu,11,9,9,0,2,0.818182,1.000000,0.818182,0.900000,0.822048
121,Mariah Carey,Mariah_Carey,8,8,7,1,1,0.875000,0.875000,0.875000,0.875000,0.743695
122,Mark Ruffalo,Mark_Ruffalo,8,6,6,0,2,0.750000,1.000000,0.750000,0.857143,0.746280
123,Martha Stewart,Martha_Stewart,10,10,9,1,1,0.900000,0.900000,0.900000,0.900000,0.846095
124,Matt Damon,Matt_Damon,13,12,11,1,2,0.846154,0.916667,0.846154,0.880000,0.852895
125,Matthew Broderick,Matthew_Broderick,4,4,4,0,0,1.000000,1.000000,1.000000,1.000000,0.726224
126,Meg Ryan,Meg_Ryan,14,13,13,0,1,0.928571,1.000000,0.928571,0.962963,0.893127
127,Mel Gibson,Mel_Gibson,12,15,12,3,0,1.000000,0.800000,1.000000,0.888889,0.888287
128,Meryl Streep,Meryl_Streep,14,15,13,2,1,0.928571,0.866667,0.928571,0.896552,0.797330
129,Michael Bloomberg,Michael_Bloomberg,10,10,10,0,0,1.000000,1.000000,1.000000,1.000000,0.874658
130,Michael Douglas,Michael_Douglas,8,8,8,0,0,1.000000,1.000000,1.000000,1.000000,0.846175
131,Michelle Trachtenberg,Michelle_Trachtenberg,10,11,9,2,1,0.900000,0.818182,0.900000,0.857143,0.860911
132,Michelle Wie,Michelle_Wie,2,2,1,1,1,0.500000,0.500000,0.500000,0.500000,0.520539
133,Mickey Rourke,Mickey_Rourke,10,12,10,2,0,1.000000,0.833333,1.000000,0.909091,0.769226
134,Mikhail Gorbachev,Mikhail_Gorbachev,6,8,6,2,0,1.000000,0.750000,1.000000,0.857143,0.884977
135,Miley Cyrus,Miley_Cyrus,69,81,67,14,2,0.971014,0.827160,0.971014,0.893333,0.873103
136,Milla Jovovich,Milla_Jovovich,8,5,4,1,4,0.500000,0.800000,0.500000,0.615385,0.673835
137,Minnie Driver,Minnie_Driver,3,2,2,0,1,0.666667,1.000000,0.666667,0.800000,0.591685
138,Monica Bellucci,Monica_Bellucci,7,8,6,2,1,0.857143,0.750000,0.857143,0.800000,0.635584
139,Morgan Freeman,Morgan_Freeman,13,12,12,0,1,0.923077,1.000000,0.923077,0.960000,0.908995
140,Nathan Lane,Nathan_Lane,3,2,2,0,1,0.666667,1.000000,0.666667,0.800000,0.718690
141,Nicolas Cage,Nicolas_Cage,11,7,7,0,4,0.636364,1.000000,0.636364,0.777778,0.650807
142,Nicolas Sarkozy,Nicolas_Sarkozy,7,7,7,0,0,1.000000,1.000000,1.000000,1.000000,0.710075
143,Nicole Kidman,Nicole_Kidman,19,18,17,1,2,0.894737,0.944444,0.894737,0.918919,0.842557
144,Nicole Richie,Nicole_Richie,11,11,10,1,1,0.909091,0.909091,0.909091,0.909091,0.775899
145,Noah Wyle,Noah_Wyle,4,3,2,1,2,0.500000,0.666667,0.500000,0.571429,0.522581
146,Oprah Winfrey,Oprah_Winfrey,15,13,12,1,3,0.800000,0.923077,0.800000,0.857143,0.831944
147,Orlando Bloom,Orlando_Bloom,115,126,109,17,6,0.947826,0.865079,0.947826,0.904564,0.868386
148,Owen Wilson,Owen_Wilson,7,4,4,0,3,0.571429,1.000000,0.571429,0.727273,0.631444
149,Philip Seymour Hoffman,Philip_Seymour_Hoffman,4,5,4,1,0,1.000000,0.800000,1.000000,0.888889,0.853247
150,Quincy Jones,Quincy_Jones,4,3,3,0,1,0.750000,1.000000,0.750000,0.857143,0.705183
151,Rachael Ray,Rachael_Ray,9,9,8,1,1,0.888889,0.888889,0.888889,0.888889,0.848811
152,Ralph Nader,Ralph_Nader,7,7,7,0,0,1.000000,1.000000,1.000000,1.000000,0.774794
153,Ray Romano,Ray_Romano,3,1,1,0,2,0.333333,1.000000,0.333333,0.500000,0.566378
154,Reese Witherspoon,Reese_Witherspoon,13,9,9,0,4,0.692308,1.000000,0.692308,0.818182,0.737580
155,Renee Zellweger,Renee_Zellweger,12,15,11,4,1,0.916667,0.733333,0.916667,0.814815,0.779410
156,Ricky Martin,Ricky_Martin,9,6,5,1,4,0.555556,0.833333,0.555556,0.666667,0.706073
157,Robert Downey Jr,Robert_Downey_Jr,4,4,1,3,3,0.250000,0.250000,0.250000,0.250000,0.582458
158,Robert Gates,Robert_Gates,9,9,9,0,0,1.000000,1.000000,1.000000,1.000000,0.896300
159,Rod Stewart,Rod_Stewart,4,1,1,0,3,0.250000,1.000000,0.250000,0.400000,0.561481
160,Rosario Dawson,Rosario_Dawson,10,8,7,1,3,0.700000,0.875000,0.700000,0.777778,0.750174
161,Rosie Perez,Rosie_Perez,3,3,2,1,1,0.666667,0.666667,0.666667,0.666667,0.659393
162,Russell Crowe,Russell_Crowe,11,10,10,0,1,0.909091,1.000000,0.909091,0.952381,0.816327
163,Ryan Seacrest,Ryan_Seacrest,6,6,6,0,0,1.000000,1.000000,1.000000,1.000000,0.785396
164,Salma Hayek,Salma_Hayek,15,14,14,0,1,0.933333,1.000000,0.933333,0.965517,0.859365
165,Sania Mirza,Sania_Mirza,19,19,19,0,0,1.000000,1.000000,1.000000,1.000000,0.866471
166,Sarah Chalke,Sarah_Chalke,3,4,3,1,0,1.000000,0.750000,1.000000,0.857143,0.625084
167,Sarah Palin,Sarah_Palin,8,7,7,0,1,0.875000,1.000000,0.875000,0.933333,0.848222
168,Scarlett Johansson,Scarlett_Johansson,20,19,17,2,3,0.850000,0.894737,0.850000,0.871795,0.775481
169,Seth Rogen,Seth_Rogen,7,7,6,1,1,0.857143,0.857143,0.857143,0.857143,0.843454
170,Shahrukh Khan,Shahrukh_Khan,9,9,8,1,1,0.888889,0.888889,0.888889,0.888889,0.719954
171,Shakira,Shakira,10,8,8,0,2,0.800000,1.000000,0.800000,0.888889,0.793910
172,Shania Twain,Shania_Twain,7,6,4,2,3,0.571429,0.666667,0.571429,0.615385,0.695905
173,Sharon Stone,Sharon_Stone,12,10,8,2,4,0.666667,0.800000,0.666667,0.727273,0.581207
174,Shinzo Abe,Shinzo_Abe,3,3,3,0,0,1.000000,1.000000,1.000000,1.000000,0.837506
175,Sigourney Weaver,Sigourney_Weaver,4,3,3,0,1,0.750000,1.000000,0.750000,0.857143,0.618734
176,Silvio Berlusconi,Silvio_Berlusconi,13,14,13,1,0,1.000000,0.928571,1.000000,0.962963,0.875024
177,Simon Cowell,Simon_Cowell,14,15,14,1,0,1.000000,0.933333,1.000000,0.965517,0.886382
178,Stephen Colbert,Stephen_Colbert,16,16,16,0,0,1.000000,1.000000,1.000000,1.000000,0.881667
179,Stephen Fry,Stephen_Fry,7,6,6,0,1,0.857143,1.000000,0.857143,0.923077,0.593889
180,Steve Carell,Steve_Carell,12,13,12,1,0,1.000000,0.923077,1.000000,0.960000,0.786585
181,Steve Martin,Steve_Martin,8,6,5,1,3,0.625000,0.833333,0.625000,0.714286,0.660286
182,Steven Spielberg,Steven_Spielberg,10,10,10,0,0,1.000000,1.000000,1.000000,1.000000,0.840388
183,Susan Sarandon,Susan_Sarandon,4,5,2,3,2,0.500000,0.400000,0.500000,0.444444,0.567469
184,Tiger Woods,Tiger_Woods,8,9,8,1,0,1.000000,0.888889,1.000000,0.941176,0.855734
185,Tina Fey,Tina_Fey,12,10,8,2,4,0.666667,0.800000,0.666667,0.727273,0.736235
186,Tom Cruise,Tom_Cruise,14,8,8,0,6,0.571429,1.000000,0.571429,0.727273,0.667544
187,Tom Hanks,Tom_Hanks,11,9,9,0,2,0.818182,1.000000,0.818182,0.900000,0.777710
188,Tony Blair,Tony_Blair,9,10,9,1,0,1.000000,0.900000,1.000000,0.947368,0.814547
189,Tracy Morgan,Tracy_Morgan,5,4,4,0,1,0.800000,1.000000,0.800000,0.888889,0.800963
190,Ty Pennington,Ty_Pennington,8,7,7,0,1,0.875000,1.000000,0.875000,0.933333,0.777218
191,Tyra Banks,Tyra_Banks,11,11,10,1,1,0.909091,0.909091,0.909091,0.909091,0.825142
192,Uma Thurman,Uma_Thurman,11,14,8,6,3,0.727273,0.571429,0.727273,0.640000,0.717275
193,Victoria Beckham,Victoria_Beckham,24,28,20,8,4,0.833333,0.714286,0.833333,0.769231,0.827114
194,Viggo Mortensen,Viggo_Mortensen,12,11,10,1,2,0.833333,0.909091,0.833333,0.869565,0.716472
195,Will Smith,Will_Smith,12,12,11,1,1,0.916667,0.916667,0.916667,0.916667,0.892936
196,William Macy,William_Macy,2,0,0,0,2,0.000000,0.000000,0.000000,0.000000,0.492683
197,Wilmer Valderrama,Wilmer_Valderrama,3,4,3,1,0,1.000000,0.750000,1.000000,0.857143,0.911656
198,Zac Efron,Zac_Efron,13,15,11,4,2,0.846154,0.733333,0.846154,0.785714,0.824755
199,Zach Braff,Zach_Braff,7,6,5,1,2,0.714286,0.833333,0.714286,0.769231,0.714254
